{"cameraMode":{"drawMode":0,"name":"Shaded","section":"Shading Mode"},"sceneLighting":true,"audioPlay":false,"sceneViewState":{"m_AlwaysRefresh":true,"showFog":true,"showSkybox":true,"showFlares":true,"showImageEffects":true,"showParticleSystems":true,"showVisualEffectGraphs":true,"m_FxEnabled":true},"in2DMode":false,"pivot":{"x":-6.363733291625977,"y":-5.377408981323242,"z":17.91148567199707},"rotation":{"x":0.14694292843341828,"y":-0.17993704974651338,"z":0.027194811031222345,"w":0.9722608923912048},"size":13.499558448791504,"orthographic":false}